"md jahangir",alam
"md jahangir",alam
"md jahangir",alam
"md jahangir",alam
"md jahangir",alam
"md jahangir",alam
"md jahangir",alam
"md jahangir",alam
"md jahangir",alam
"md jahangir",alam
,
,
"md jahangir",alam,,
"md jahangir",alam,,
"md jahangir",alam,,
"md jahangir",alam,,
"md jahangir",alam,,
"md jahangir",alam,,
"md jahangir",alam,,
"md jahangir",alam,,
"md jahangir",alam,
"md jahangir",alam,
"md jahangir",alam,
"md jahangir",alam,
,,
,,
"MD. JAHANGIR",ALAM,wedevs95@gmail.com
"MD. JAHANGIR",ALAM,wedevs95@gmail.com
"MD. JAHANGIR",ALAM,wedevs95@gmail.com
"MD. JAHANGIR",ALAM,wedevs95@gmail.com
"MD. JAHANGIR",ALAM,wedevs95@gmail.com
"MD. JAHANGIR",ALAM,wedevs95@gmail.com
"MD. JAHANGIR",ALAM,wedevs95@gmail.com
